angle,mean_distance,variance_distance,count_distance,max_distance,min_distance,precision
0.0,0.4206533995923828,1.2163066108267728e-05,1985,0.4350000023841858,0.4129999876022339,0.011000007390975952
0.0174532923847436,0.42080302161894156,1.2583653291521157e-05,1985,0.4350000023841858,0.4129999876022339,0.011000007390975952
0.0349065847694873,0.4212292180403654,1.3244303481309453e-05,1985,0.4359999895095825,0.4129999876022339,0.011500000953674316
0.052359877154231,0.4217803512772625,1.3568662950417952e-05,1985,0.4370000064373016,0.414000004529953,0.011500000953674289
0.0698131695389747,0.4226549110424609,1.3846071418746206e-05,1985,0.4379999935626983,0.4149999916553497,0.011500000953674316
0.0872664619237184,0.42354508728464546,1.413115860142983e-05,1985,0.4390000104904175,0.4149999916553497,0.012000009417533902
0.1047197543084621,0.4246253757592788,1.458462596435697e-05,1994,0.4399999976158142,0.4160000085830688,0.011999994516372708
0.1221730466932058,0.42576529528037715,1.5215328864051433e-05,1994,0.4410000145435333,0.4169999957084656,0.012000009417533875
0.1396263390779495,0.4269668999442844,1.5803218206438755e-05,1994,0.44200000166893,0.4180000126361847,0.011999994516372653
0.1570796314626932,0.42841123216369803,1.6255284444419823e-05,1994,0.4440000057220459,0.4189999997615814,0.012500002980232239
0.1745329238474369,0.4298284842801788,1.607694294264342e-05,1994,0.4449999928474426,0.4210000038146972,0.011999994516372708
0.1919862162321806,0.43131945758250917,1.623357278435656e-05,1994,0.4460000097751617,0.421999990940094,0.012000009417533847
0.2094395086169242,0.43284453216981267,1.6405323876961552e-05,1994,0.4480000138282776,0.4230000078678131,0.012500002980232239
0.2268928010016679,0.43425827368032727,1.651078509804343e-05,1994,0.4490000009536743,0.4239999949932098,0.012500002980232267
0.2443460933864116,0.4360366087769314,1.6466805434400617e-05,1994,0.449999988079071,0.4259999990463257,0.011999994516372653
0.2617993857711553,0.4379538612117021,1.583531102869516e-05,1994,0.453000009059906,0.4280000030994415,0.012500002980232267
0.279252678155899,0.43994985100857115,1.555695192949454e-05,1994,0.4539999961853027,0.4300000071525574,0.011999994516372653
0.2967059705406427,0.44207171654868627,1.4975788731938544e-05,1994,0.4560000002384186,0.4320000112056732,0.01199999451637268
0.3141592629253864,0.4443400212700891,1.4208459796382512e-05,1994,0.4589999914169311,0.4350000023841858,0.011999994516372653
0.3316125553101301,0.4466860592365265,1.3603349223071608e-05,1994,0.460999995470047,0.4370000064373016,0.011999994516372708
0.3490658476948738,0.44937612980215574,1.2684337636408524e-05,1994,0.4629999995231628,0.4399999976158142,0.011500000953674289
0.3665191400796175,0.45207673039216334,1.2330789482877092e-05,1994,0.4650000035762787,0.4429999887943268,0.011000007390975952
0.3839724324643612,0.455082247540011,1.2237081472434922e-05,1994,0.4679999947547912,0.4460000097751617,0.010999992489814758
0.4014257248491049,0.4582873618710364,1.2423651338164449e-05,1994,0.4720000028610229,0.449999988079071,0.011000007390975952
0.4188790172338485,0.46181444400770133,1.2863692481167889e-05,1994,0.4769999980926513,0.453000009059906,0.011999994516372653
0.4363323096185922,0.46537362012186406,1.4260233946603769e-05,1994,0.481000006198883,0.4560000002384186,0.012500002980232211
0.4537856020033359,0.46932296794180645,1.5368794383651276e-05,1994,0.4850000143051147,0.4600000083446502,0.012500002980232239
0.4712388943880796,0.4736745220608075,1.687594825605633e-05,1994,0.4900000095367431,0.4639999866485595,0.013000011444091797
0.4886921867728233,0.47836609661519347,1.7920099263254196e-05,1994,0.4950000047683716,0.4679999947547912,0.013500005006790189
0.506145479157567,0.48321564734699496,1.8693075821036002e-05,1994,0.5,0.4729999899864197,0.013500005006790161
0.5235987715423107,0.48836810486307114,1.9442951992116792e-05,1994,0.5059999823570251,0.4779999852180481,0.013999998569488525
0.5410520639270544,0.4938696095553659,1.9529396804461406e-05,1994,0.5109999775886536,0.4830000102519989,0.013999983668327332
0.5585053563117981,0.49936609832549406,1.8688789282697757e-05,1994,0.5170000195503235,0.4880000054836273,0.014500007033348083
0.5759586486965418,0.5047452368940728,1.8678678049711535e-05,1994,0.5220000147819519,0.4939999878406524,0.014000013470649747
0.5934119410812855,0.5100822482508427,1.8294283328525637e-05,1994,0.5270000100135803,0.5,0.013500005006790161
0.6108652334660292,0.5155702096110242,1.76822165510457e-05,1994,0.5329999923706055,0.5049999952316284,0.013999998569488525
0.6283185258507729,0.521185557396266,1.8207398224592493e-05,1994,0.5379999876022339,0.5109999775886536,0.013500005006790161
0.6457718182355165,0.5272587761058731,1.9018794778347224e-05,1994,0.5440000295639038,0.5170000195503235,0.013500005006790161
0.6632251106202602,0.5337607807357428,1.938531458700326e-05,1994,0.5509999990463257,0.5220000147819519,0.01449999213218689
0.6806784030050039,0.5407532614057019,1.9869854480553316e-05,1994,0.5590000152587891,0.5289999842643738,0.015000015497207642
0.6981316953897476,0.5482321981202396,2.1287236654606147e-05,1994,0.5680000185966492,0.5360000133514404,0.01600000262260437
0.7155849877744913,0.5564794384966882,2.3095668026698325e-05,1994,0.5770000219345093,0.5440000295639038,0.016499996185302734
0.733038280159235,0.5655421256540771,2.5972375753782935e-05,1994,0.5870000123977661,0.5529999732971191,0.017000019550323486
0.7504915725439787,0.5755035091367146,2.8290240674497176e-05,1994,0.597000002861023,0.5619999766349792,0.01750001311302185
0.7679448649287224,0.5860952845248678,2.869239005460595e-05,1994,0.6069999933242798,0.5720000267028809,0.017499983310699463
0.7853981573134661,0.5963385181058732,2.5980183415858922e-05,1994,0.6159999966621399,0.5830000042915344,0.016499996185302734
0.8028514496982098,0.606165496312986,2.0366974794868846e-05,1994,0.625,0.5929999947547913,0.01600000262260437
0.8203047420829535,0.6149332984878402,1.5358797517547733e-05,1994,0.6340000033378601,0.6029999852180481,0.015500009059906006
0.8377580344676971,0.6226323973032513,1.3915489351179998e-05,1994,0.6420000195503235,0.6140000224113464,0.013999998569488525
0.8552113268524408,0.6301840527605269,3.056370948744569e-05,1994,0.652999997138977,0.6159999966621399,0.01850000023841858
0.8726646192371845,0.6420677036734498,3.5105798690878344e-05,1994,0.6660000085830688,0.625,0.020500004291534424
0.8901179116219282,0.6548731183276373,4.0973856629722176e-05,1994,0.6800000071525574,0.6370000243186951,0.021499991416931152
0.907571204006672,0.6690170532961188,3.807999622921629e-05,1994,0.6919999718666077,0.6470000147819519,0.02249997854232788
0.9250244963914156,0.681991475156939,3.748763332596702e-05,1994,0.7059999704360962,0.6610000133514404,0.02249997854232788
0.9424777887761592,0.6930762282166343,5.258926523792116e-05,1994,0.7360000014305115,0.6489999890327454,0.04350000619888306
0.959931081160903,0.6981950844661403,0.00013169947899820437,1994,0.7300000190734863,0.6430000066757202,0.04350000619888306
0.9773843735456468,0.7027778329557497,0.00019990596446761857,1994,0.7559999823570251,0.6480000019073486,0.05399999022483826
0.9948376659303904,0.7213515540362601,0.000163923009271573,1994,0.7639999985694885,0.6840000152587891,0.03999999165534973
1.012290958315134,0.7355932797507991,0.00014406077401339916,1994,0.7870000004768372,0.6809999942779541,0.05300000309944153
1.0297442506998775,0.7474809424389329,0.00017202499754186848,1994,0.8259999752044678,0.7070000171661377,0.05949997901916504
1.0471975430846214,0.7803686059704994,0.001058677411453935,1994,0.9399999976158142,0.7210000157356262,0.109499990940094
1.0646508354693651,0.925456870223957,0.0011581127746846669,1994,0.9940000176429749,0.7649999856948853,0.1145000159740448
1.0821041278541088,0.8117036113707926,0.00043699636598419297,1994,0.8880000114440918,0.7160000205039978,0.085999995470047
1.0995574202388525,0.8339668999882854,0.0004430806989508327,1994,0.9200000166893004,0.7720000147819519,0.07400000095367426
1.1170107126235962,0.8686549642320383,0.0003197323652706061,1994,0.9229999780654908,0.8220000267028809,0.05049997568130499
1.13446400500834,0.9006033092288818,0.00034566642235846353,1994,0.972000002861023,0.8550000190734863,0.05849999189376831
1.1519172973930836,0.9299904715751812,0.0003724981427111604,1994,1.0,0.8790000081062317,0.060499995946884155
1.1693705897778273,0.96630892596967,0.0005667203946341594,1994,1.0429999828338623,0.8989999890327454,0.07199999690055847
1.186823882162571,1.0079884645692563,0.0006943967182500728,1994,1.0889999866485596,0.9290000200271606,0.07999998331069946
1.2042771745473146,1.0513896694035085,0.0005262891292306358,1994,1.1410000324249268,0.9860000014305116,0.07750001549720759
1.2217304669320583,1.0989001998930064,0.0004616854693843875,1994,1.1740000247955322,1.0169999599456787,0.07850003242492676
1.239183759316802,1.1556278843219685,0.0006023271445922534,1994,1.2640000581741333,1.0640000104904177,0.1000000238418578
1.2566370517015455,1.2139939806286766,0.0007404615633059302,1994,1.315000057220459,1.118000030517578,0.09850001335144054
1.2740903440862894,1.2786489478205008,0.0005294311548303837,1994,1.3600000143051147,1.187999963760376,0.08600002527236938
1.291543636471033,1.322450853159339,0.0007742628065592689,1994,1.5429999828338623,1.2000000476837158,0.17149996757507324
1.3089969288557768,1.375592275871078,0.0026090451656013017,1994,1.5360000133514404,0.628000020980835,0.45399999618530273
1.3264502212405205,1.5060491472811492,0.008550316605271528,1994,1.7319999933242798,0.5799999833106995,0.5760000050067902
1.3439035136252642,1.738320103707026,0.011825655628606291,1990,1.9539999961853027,0.1870000064373016,0.8834999948740005
1.361356806010008,1.8046910947591597,0.032233650434906405,1965,2.0299999713897705,0.1720000058412552,0.9289999827742577
1.3788100983947515,1.428546327752427,0.4016196393687063,313,2.0420000553131104,0.1710000038146972,0.9355000257492065
1.3962633907794952,1.6360292776680745,0.4471374242844164,444,2.213000059127808,0.1710000038146972,1.0210000276565554
1.413716683164239,2.0702913462414725,0.2593662516561424,1318,2.444999933242798,0.1729999929666519,1.135999970138073
1.4311699755489826,2.1634207021789664,0.4913491901696064,908,2.8340001106262207,0.1759999990463256,1.3290000557899475
1.4486232679337263,1.2898760278486023,1.335039537611643,242,3.4489998817443848,0.1790000051259994,1.6349999383091927
1.46607656031847,0.6389236938522522,0.08029163336215389,249,3.5799999237060547,0.1800000071525573,1.6999999582767487
1.4835298527032137,0.6546838696445189,0.021110676526073267,310,1.3869999647140503,0.1790000051259994,0.6039999797940254
1.5009831450879574,0.698075981007195,0.02283930886970805,408,0.9850000143051147,0.1710000038146972,0.40700000524520874
1.518436437472701,1.3963124984393602,0.6252916461730494,928,3.3989999294281006,0.1749999970197677,1.6119999662041664
1.5358897298574448,2.600046642602925,1.6820313128705533,1994,3.759999990463257,0.1790000051259994,1.7904999926686287
1.5533430222421885,2.152515319013703,1.8207177076916887,1991,3.766999959945679,0.1800000071525573,1.793499976396561
1.570796314626932,2.0282679742053262,1.9838810597984329,1989,4.057000160217285,0.1809999942779541,1.9380000829696655
1.5882496070116758,1.841485032404455,1.9004637803147832,1971,3.9670000076293945,0.1829999983310699,1.8920000046491623
1.6057028993964195,1.4921708667064988,1.404939295599213,1984,4.002999782562256,0.1860000044107437,1.908499889075756
1.6231561917811632,1.4211179723357221,1.3050677418389078,1992,3.953000068664551,0.1899999976158142,1.8815000355243683
1.640609484165907,1.3321680870791266,1.1705178108089775,1993,3.974999904632568,0.1959999948740005,1.8894999548792837
1.6580627765506506,1.2918585902141304,1.0951304296280553,1973,4.008999824523926,0.2090000063180923,1.8999999091029167
1.6755160689353945,1.1239792091760625,0.5484892078843494,1972,3.9690001010894775,0.2140000015497207,1.8775000497698784
1.692969361320138,1.1061391250938102,0.519482543347179,1991,3.9600000381469727,0.221000000834465,1.8695000186562538
1.7104226537048817,1.075563662837784,0.46489473516932533,1987,4.010000228881836,0.2240000069141388,1.8930001109838486
1.7278759460896254,0.9563274103032453,0.22616005452368407,1970,4.041999816894531,0.0399999991059303,2.0009999088943005
1.745329238474369,0.8617797377932396,0.06368362301177236,1984,1.7630000114440918,0.0399999991059303,0.8615000061690807
1.7627825308591127,0.8531926365299652,0.055338985617816444,1983,1.6169999837875366,0.2349999994039535,0.6909999921917915
1.7802358232438564,0.8443394033035728,0.048916238513461434,1977,1.6030000448226929,0.2399999946355819,0.6815000250935555
1.7976891156286,0.8477301499202623,0.04871110621783992,1990,1.6380000114440918,0.2440000027418136,0.6970000043511391
1.815142408013344,0.8544559635345697,0.049839601141909044,1987,1.5750000476837158,0.2820000052452087,0.6465000212192535
1.8325957003980875,0.8972513853602806,0.13932062590813588,1985,4.046000003814697,0.2809999883174896,1.8825000077486038
1.8500489927828312,0.9695450877813008,0.18640066743612146,1985,4.052000045776367,0.2849999964237213,1.883500024676323
1.8675022851675749,1.0350334870972528,0.226610944678293,1971,4.102000236511231,0.3030000030994415,1.899500116705895
1.8849555775523184,1.1634616203888042,0.576653701340973,1850,4.150000095367432,0.3059999942779541,1.9220000505447388
1.9024088699370625,1.775317535832281,2.0623696529954065,1899,4.163000106811523,0.3089999854564667,1.9270000606775284
1.919862162321806,1.8830613408967392,2.1808741586737908,1940,4.171999931335449,0.3120000064373016,1.9299999624490738
1.9373154547065496,2.0243805179811525,2.425731382434805,1858,4.198999881744385,0.3379999995231628,1.930499941110611
1.9547687470912931,2.329552336800389,2.662902334649981,1968,4.190999984741211,0.5,1.8454999923706055
1.972222039476037,2.4952242335860144,2.8170621555470596,1824,4.199999809265137,0.4959999918937683,1.8519999086856842
1.9896753318607807,2.5824838487176565,2.881235027830235,1703,4.199999809265137,0.4959999918937683,1.8519999086856842
2.0071286242455244,1.7066202132109922,2.316812595493893,1019,4.199999809265137,0.4600000083446502,1.8699999004602432
2.024581916630268,1.3170519002281045,0.3274775403347652,1657,4.199999809265137,0.4550000131130218,1.8724998980760574
2.042035209015012,1.335425189190007,0.16109142392229298,1985,1.8170000314712524,0.4819999933242798,0.6675000190734863
2.0594885013997555,1.3463763816722074,0.1542305737136823,1990,1.6829999685287476,0.4880000054836273,0.5974999815225601
2.076941793784499,1.3573193527069158,0.1432340992633088,1979,1.656999945640564,0.4880000054836273,0.5844999700784683
2.094395086169243,1.384900254557151,0.12812149170313172,1965,1.64900004863739,0.492000013589859,0.5785000175237655
2.1118483785539865,1.401014300788143,0.12021983079394993,1958,1.684999942779541,0.4950000047683716,0.5949999690055847
2.1293016709387302,1.442608718596972,0.10458481222243847,1950,1.6740000247955322,0.5,0.5870000123977661
2.146754963323474,1.4780486926153829,0.09519443377940641,1951,1.7489999532699585,0.4939999878406524,0.627499982714653
2.1642082557082176,1.508881382624964,0.08999106061859995,1939,1.7760000228881836,0.503000020980835,0.6365000009536743
2.1816615480929613,1.5730968405396626,0.07274893039044361,1931,1.8969999551773071,0.5130000114440918,0.6919999718666077
2.199114840477705,1.6090210438527164,0.062477170229017776,1901,1.812999963760376,0.5139999985694885,0.6494999825954437
2.2165681328624487,1.615118854951369,0.08038132816980718,1851,3.3529999256134038,0.5239999890327454,1.4144999682903292
2.2340214252471924,1.9687395210394603,0.6158120930502056,1670,3.704999923706055,0.5329999923706055,1.5859999656677248
2.251474717631936,2.5530317189234215,0.9411099956511612,1734,4.073999881744385,0.5360000133514404,1.7689999341964722
2.26892801001668,2.6134335138346696,0.9628502655980723,1850,4.199999809265137,0.5740000009536743,1.8129999041557312
2.2863813024014235,2.5075842955818155,1.0444632325145116,1821,4.195000171661377,0.5799999833106995,1.8075000941753387
2.303834594786167,2.041580126876797,1.3229674032142593,1117,4.195000171661377,0.5889999866485596,1.8030000925064087
2.321287887170911,1.7446673386499543,0.938795065898224,989,4.181000232696533,0.5979999899864197,1.7915001213550568
2.3387411795556545,1.539661609653553,0.7273347769684047,857,4.177999973297119,0.5849999785423279,1.7964999973773956
2.356194471940398,1.5091237136230027,0.6442874114604432,776,4.048999786376953,0.5929999947547913,1.727999895811081
2.373647764325142,1.3088910771323627,0.3631229828050474,762,4.15399980545044,0.4729999899864197,1.8404999077320103
2.3911010567098856,1.1688475545084653,0.033619404480299125,879,4.125999927520752,0.5019999742507935,1.8119999766349792
2.4085543490946293,1.158108820688547,0.024174891142693045,873,1.4780000448226929,0.5400000214576721,0.4690000116825104
2.426007641479373,1.1595922221809418,0.03200757759632585,1003,4.104000091552734,0.5149999856948853,1.7945000529289246
2.4434609338641167,1.141415917151712,0.04020337212578423,892,4.150000095367432,0.5149999856948853,1.8175000548362732
2.4609142262488604,1.127914864877582,0.03030989517096646,787,4.193999767303467,0.5550000071525574,1.8194998800754547
2.478367518633604,1.1847033779001446,0.19629672955774166,681,4.190000057220459,0.5839999914169312,1.803000032901764
2.495820811018348,2.2125477364920836,1.9793149716674912,1037,4.198999881744385,0.5839999914169312,1.8074999451637268
2.5132741034030914,2.707870630703894,2.136192146264816,1345,4.198999881744385,0.5979999899864197,1.8004999458789825
2.530727395787835,2.770123062026759,2.1817579971099805,1292,4.199999809265137,0.6010000109672546,1.799499899148941
2.548180688172579,2.608528109625274,2.217052177161204,765,4.198999881744385,0.6110000014305115,1.7939999401569366
2.5656339805573225,2.1717622370430916,1.9792167492078767,429,4.199999809265137,0.6629999876022339,1.7684999108314514
2.583087272942066,2.3003041392647177,1.8751044720770633,217,4.189000129699707,0.7929999828338623,1.6980000734329224
2.60054056532681,2.3964999939610316,1.9110224178067619,164,4.179999828338623,0.5789999961853027,1.8004999160766602
2.6179938577115536,3.543780018091202,0.944686961923463,100,4.190999984741211,0.5920000076293945,1.7994999885559082
2.6354471500962973,3.759630969592503,0.4362410597006936,84,4.197000026702881,1.0950000286102295,1.5509999990463257
2.652900442481041,3.4401818116505942,0.5234681880360081,33,4.168000221252441,2.255000114440918,0.9565000534057617
2.6703537348657846,3.251960775431465,0.5860176550969686,51,4.171999931335449,0.8830000162124634,1.644499957561493
2.6878070272505283,3.1747118456889005,0.5601164054049437,59,4.198999881744385,0.8830000162124634,1.6579999327659607
2.705260319635272,3.086049192264432,0.5588083446455366,61,4.183000087738037,0.8870000243186951,1.648000031709671
2.722713612020016,3.2344210500779904,0.6211520646768706,76,4.199999809265137,0.8820000290870667,1.658999890089035
2.7401669044047594,3.2811609253116036,0.6807034343476195,87,4.197000026702881,0.8809999823570251,1.6580000221729279
2.757620196789503,3.267863620411266,0.6975054281092873,88,4.193999767303467,0.8539999723434448,1.669999897480011
2.775073489174247,3.3748965427793305,0.635238010406777,87,4.196000099182129,1.875,1.1605000495910645
2.7925267815589905,2.2027711843029927,0.9569606647268888,118,4.192999839782715,0.9139999747276306,1.6394999325275421
2.809980073943734,1.426458091182783,0.0377528374204252,1026,3.7190001010894775,0.8859999775886536,1.416500061750412
2.827433366328478,1.4191127424146615,0.013920628072387711,1020,3.5280001163482666,0.8949999809265137,1.3165000677108765
2.844886658713221,1.416083170826421,0.016015274420048922,1022,3.5209999084472656,0.8960000276565552,1.3124999403953552
2.862339951097965,1.407842468025633,0.011537773999345,1022,3.414999961853028,1.0230000019073486,1.1959999799728396
2.879793243482709,1.4011929485870271,0.003867510820363434,1021,2.476999998092652,1.0549999475479126,0.7110000252723696
2.8972465358674526,1.3986830712538065,0.002425107276346881,1016,2.1619999408721924,1.0720000267028809,0.5449999570846558
2.9146998282521963,1.3978397271860548,0.0029496110988701386,1017,2.1670000553131104,1.3600000143051147,0.4035000205039978
2.93215312063694,1.388022685074477,0.001576983632860871,1014,1.9739999771118164,1.3359999656677246,0.3190000057220459
2.949606413021684,1.193292171840208,0.04210427346394787,332,1.9229999780654907,0.6980000138282776,0.6124999821186066
2.9670597054064274,0.9969333370526632,0.012848067448735071,15,1.2139999866485596,0.7379999756813049,0.23800000548362732
2.984512997791171,1.275354998509089,0.0026233746487079376,600,1.4709999561309814,1.0549999475479126,0.20800000429153442
3.0019662901759148,1.3643392692333867,0.0010118044447225516,1011,1.8550000190734863,1.218000054359436,0.31849998235702515
3.0194195825606585,1.3698904235412432,0.0016636490842717661,1013,1.9129999876022337,1.3270000219345093,0.2929999828338622
3.036872874945402,1.3744347311065583,0.002527370608175904,835,1.9529999494552608,1.0140000581741333,0.46949994564056374
3.054326167330146,0.36060273209687443,0.7286827449056531,1757,4.197999954223633,0.1089999973773956,2.0444999784231186
3.071779459714889,0.31737999927840727,0.5816169705789871,1900,4.199999809265137,0.1150000020861625,2.042499903589487
3.089232752099633,0.16090225422740875,2.240377389524228e-06,133,0.163000002503395,0.1519999951124191,0.005500003695487948
3.106686044484377,0.16833333174387613,3.333346843732941e-07,3,0.1689999997615814,0.1679999977350235,0.0005000010132789473
3.1241393368691206,0.17085231085949115,1.3940775721370007e-06,1862,0.1770000010728836,0.1679999977350235,0.004500001668930054
3.1415926292538643,0.21738615806925377,3.025923217752647e-05,1994,0.238999992609024,0.1899999976158142,0.02449999749660489
3.159045921638608,0.8536000043153763,0.06441093438562838,10,1.222000002861023,0.2569999992847442,0.48250000178813934
3.176499214023352,0.7568847929827079,0.7116372252668326,217,4.190999984741211,0.3880000114440918,1.9014999866485596
3.193952506408096,1.061631572873969,0.022463577610097395,19,1.5329999923706057,0.9039999842643738,0.31450000405311596
3.211405798792839,2.7147578992341694,2.1446924121877395,95,4.195000171661377,0.8330000042915344,1.6810000836849213
3.2288590911775827,1.4176923036575317,0.5895365060264446,52,4.192999839782715,0.8450000286102295,1.6739999055862427
3.2463123835623264,1.5115522448696308,0.9225317406700797,67,4.186999797821045,0.8450000286102295,1.6709998846054077
3.26376567594707,1.3304516115496237,0.5193259978089407,62,4.175000190734863,0.7429999709129333,1.716000109910965
3.281218968331814,1.3014999960477536,0.28028446824417114,52,4.068999767303467,0.7289999723434448,1.669999897480011
3.298672260716557,1.3610416659050517,0.21772416975668663,72,4.182000160217285,0.7289999723434448,1.7265000939369202
3.316125553101301,1.294061736560162,0.187545445446133,81,4.116000175476074,0.6700000166893005,1.7230000793933868
3.333578845486045,1.2558247483882707,0.14515859171611503,97,4.0970001220703125,0.6700000166893005,1.713500052690506
3.351032137870789,1.2671120364636306,0.07158356288266014,241,4.159999847412109,0.6729999780654907,1.7434999346733093
3.3684854302555323,1.248277042975212,0.023661147206598725,379,2.303999900817871,0.6740000247955322,0.8149999380111694
3.385938722640276,1.2313627895458723,0.02696814042907819,645,4.126999855041504,0.6539999842643738,1.736499935388565
3.40339201502502,1.2100481053579792,0.012694381682492718,977,2.013000011444092,0.6190000176429749,0.6969999969005585
3.420845307409764,1.2130304658818842,0.014166298528071589,1116,1.9450000524520876,0.6150000095367432,0.6650000214576722
3.438298599794507,1.223366795405458,0.013718450342208727,1295,1.906000018119812,0.6110000014305115,0.6475000083446503
3.4557518921792507,1.2605339757178404,0.014546293423716324,1766,1.8530000448226929,0.6159999966621399,0.6185000240802765
3.4732051845639944,1.2504942937139654,0.017511182803325583,1928,2.243000030517578,0.6150000095367432,0.8140000104904175
3.490658476948738,1.215651175796803,0.023993575050207296,1958,2.3239998817443848,0.6079999804496765,0.8579999506473541
3.508111769333482,1.1126333164224291,0.06863711338737921,1969,2.7230000495910645,0.6060000061988831,1.0585000216960907
3.525565061718225,0.9757052580133849,0.06473898709327462,1978,2.1730000972747803,0.6050000190734863,0.784000039100647
3.543018354102969,0.9374826537597832,0.05531826854347851,1989,1.9529999494552608,0.597000002861023,0.6779999732971189
3.560471646487713,0.9136352231020433,0.05053808558388424,1993,1.4140000343322754,0.5659999847412109,0.4240000247955322
3.577924938872457,0.8626036118515998,0.044462629302900986,1993,1.2769999504089355,0.5329999923706055,0.37199997901916504
3.5953782312572,0.846275326182156,0.04693440131898468,1994,1.8329999446868896,0.5370000004768372,0.6479999721050262
3.612831523641944,0.817921376608136,0.05101261541696302,1946,1.9210000038146973,0.5410000085830688,0.6899999976158142
3.630284816026688,0.7823668152060811,0.05003468553674502,1802,2.131999969482422,0.5450000166893005,0.7934999763965607
3.6477381084114313,0.6863850364557422,0.023791536467575595,1457,2.114000082015991,0.5509999990463257,0.7815000414848328
3.665191400796175,0.6563471428411347,0.01306561907331965,1400,2.072999954223633,0.5600000023841858,0.7564999759197235
3.682644693180919,0.6461965313794985,0.010976376659697577,1384,2.059999942779541,0.5669999718666077,0.7464999854564667
3.7000979855656624,0.6350196075768426,0.00801005262953534,1377,2.059999942779541,0.5649999976158142,0.7474999725818634
3.717551277950406,0.6281874991076835,0.007506895241841647,1360,2.2909998893737797,0.5630000233650208,0.8639999330043795
3.7350045703351498,0.6252668644429313,0.011429182533482105,1349,2.315000057220459,0.5630000233650208,0.8760000169277191
3.7524578627198935,0.624013313307212,0.011488023390524198,1352,2.309000015258789,0.5630000233650208,0.8729999959468842
3.769911155104637,0.6239963064253594,0.013873559713306711,1354,2.720999956130981,0.5490000247955322,1.0859999656677244
3.787364447489381,0.6252297476833805,0.016104156780653318,1358,2.747999906539917,0.5479999780654907,1.0999999642372131
3.804817739874125,0.6257408213160287,0.014959217846700446,1362,2.775000095367432,0.5299999713897705,1.1225000619888308
3.822271032258868,0.6299430653996712,0.016327785677240733,1370,2.525000095367432,0.5270000100135803,0.9990000426769259
3.839724324643612,0.6456954335095029,0.022616443491280672,1402,2.2780001163482666,0.5149999856948853,0.8815000653266907
3.857177617028356,0.6769993168815889,0.042344089588111915,1464,2.6080000400543213,0.5090000033378601,1.0495000183582306
3.8746309094130993,0.788171692057718,0.10357244183484966,1724,3.0929999351501465,0.5070000290870667,1.29299995303154
3.892084201797843,0.8195868487227453,0.10742054659649035,1825,2.46399998664856,0.5059999823570251,0.9790000021457674
3.9095374941825862,0.8542639967350698,0.11298611542180456,1947,2.9600000381469727,0.5070000290870667,1.226500004529953
3.9269907865673295,0.8627843533380101,0.10503719075516554,1994,1.4110000133514404,0.5080000162124634,0.4514999985694885
3.944444078952074,0.861580030707576,0.09789465933838312,1993,1.756999969482422,0.5090000033378601,0.623999983072281
3.9618973713368177,0.8591538460585771,0.08858766963272262,1937,2.0169999599456787,0.5090000033378601,0.7539999783039093
3.9793506637215614,0.925550250746497,0.10010856436372281,1990,1.406999945640564,0.4979999959468841,0.4544999748468399
3.996803956106305,0.9296633212248165,0.0981745751088005,1993,1.3609999418258667,0.4560000002384186,0.45249997079372406
4.014257248491049,0.9680884864804972,0.09616121490864779,1989,1.3730000257492063,0.4059999883174896,0.48350001871585835
4.0317105408757925,0.9919414437370792,0.09338442428056722,1981,1.4010000228881836,0.4059999883174896,0.497500017285347
4.049163833260536,1.0612766278295551,0.08551349334479957,1981,1.430999994277954,0.4129999876022339,0.5090000033378601
4.06661712564528,1.1078281257932465,0.10445787866768909,1984,2.752000093460083,0.4129999876022339,1.1695000529289246
4.084070418030024,1.1535801840784357,0.11999484374577764,1958,3.2300000190734863,0.3790000081062317,1.4255000054836273
4.101523710414767,1.1176221420728987,0.10489684625947185,1924,3.178999900817871,0.3759999871253967,1.4014999568462372
4.118977002799511,1.0376400242766188,0.12181133035328838,1614,1.468000054359436,0.3659999966621399,0.5510000288486481
4.136430295184255,0.9169077041320676,0.13611817541896784,1376,1.6469999551773071,0.3589999973773956,0.6439999788999557
4.153883587568998,0.7829381545365821,0.12020315278220127,1051,1.5499999523162842,0.356000006198883,0.5969999730587006
4.171336879953742,0.8231792464571179,0.1970494642314441,1060,2.0859999656677246,0.1299999952316284,0.9779999852180481
4.188790172338486,0.7304246156490766,0.11418487100665749,975,1.462000012397766,0.1400000005960464,0.6610000059008597
4.206243464723229,0.6608238091781026,0.10033163760563654,840,1.4320000410079956,0.3499999940395355,0.54100002348423
4.223696757107973,0.6380012506991625,0.10071803187680044,800,2.424999952316284,0.1800000071525573,1.1224999725818634
4.241150049492717,0.6576449184712383,0.13870938818538706,797,2.687000036239624,0.2090000063180923,1.2390000149607658
4.2586033418774605,1.8999520099727993,1.5720463400003593,1667,4.189000129699707,0.3409999907016754,1.9240000694990158
4.276056634262204,1.8846199053475896,1.5522420171639582,1668,4.132999897003174,0.3389999866485595,1.8969999551773071
4.293509926646948,1.9160524710349152,1.5696419022231842,1639,4.14900016784668,0.3370000123977661,1.9060000777244568
4.310963219031692,1.791842172787384,1.4325820316359585,1546,4.179999828338623,0.3370000123977661,1.9214999079704285
4.328416511416435,1.8778012304296685,1.203449579154856,1786,4.090000152587891,0.3379999995231628,1.876000076532364
4.345869803801179,1.871079845099591,1.190374108424922,1816,4.192999839782715,0.335999995470047,1.928499922156334
4.363323096185923,1.9128731994884218,1.2684800805133865,1877,4.158999919891357,0.3379999995231628,1.9104999601840973
4.380776388570666,1.7314962959249414,1.5377658592385737,1485,3.9590001106262207,0.3389999866485595,1.8100000619888306
4.39822968095541,1.1119528619929997,0.8032852295162007,1485,3.5,0.3389999866485595,1.5805000066757202
4.415682973340154,1.321884491481883,1.117245018801655,1870,3.499000072479248,0.335999995470047,1.5815000385046005
4.433136265724897,0.8387639660090133,0.1588137896469229,1987,3.3489999771118164,0.335999995470047,1.5064999908208847
4.450589558109641,0.7988480437124744,0.07378106217826517,1994,3.23799991607666,0.3370000123977661,1.450499951839447
4.468042850494385,0.786386158515362,0.05521848788287239,1994,3.322999954223633,0.3370000123977661,1.4929999709129333
4.4854961428791285,0.7747121367046802,0.03936109122420962,1994,1.062000036239624,0.3370000123977661,0.36250001192092896
4.502949435263872,0.7696063187171368,0.03600597884777186,1994,1.0509999990463257,0.3379999995231628,0.3564999997615814
4.520402727648616,0.7648966900832436,0.03331490147678851,1994,1.0299999713897705,0.3379999995231628,0.34599998593330383
4.53785602003336,0.7615677031913516,0.03067559819280477,1994,1.024999976158142,0.3389999866485595,0.34299999475479126
4.555309312418103,0.7608495488718018,0.027644556188364693,1994,1.0260000228881836,0.3400000035762787,0.34300000965595245
4.572762604802847,0.7767991904484002,0.02263874673926295,1977,1.0529999732971191,0.3429999947547912,0.35499998927116394
4.590215897187591,0.8084145737652803,0.015245659769823991,1990,1.027999997138977,0.3459999859333038,0.3410000056028366
4.607669189572334,0.8101831408702603,0.014015560147859518,1993,0.9829999804496764,0.3479999899864197,0.31749999523162836
4.625122481957078,0.8121434299643324,0.013345669368593474,1994,0.9729999899864196,0.3510000109672546,0.3109999895095825
4.642575774341822,0.836218765466224,0.008045606777978217,1993,1.0360000133514404,0.356000006198883,0.3400000035762787
4.660029066726565,0.8543991972295307,0.004454922380099274,1994,0.9559999704360962,0.3610000014305115,0.29749998450279236
4.677482359111309,0.8608796388329331,0.0039724401153051845,1994,0.9760000109672546,0.3650000095367431,0.30550000071525574
4.694935651496053,0.8716340362128004,0.002552088493328919,1992,1.10099995136261,0.3700000047683716,0.36549997329711925
4.712388943880796,0.8800346215077518,0.0024171388216607573,1993,0.996999979019165,0.3759999871253967,0.31049999594688416
4.72984223626554,0.8902169768233086,0.0023412615021902927,1991,1.0140000581741333,0.3799999952316284,0.31700003147125244
4.747295528650284,0.903812688763168,0.0023334661657125385,1986,1.0959999561309814,0.3880000114440918,0.3539999723434448
4.764748821035028,0.9219917824437328,0.01662031532513472,1947,4.190000057220459,0.395000010728836,1.8975000232458115
4.782202113419771,0.936545313407818,0.002090042938627288,1931,1.0850000381469729,0.402999997138977,0.3410000205039979
4.799655405804515,1.2646768836696427,0.8540793544226178,1925,4.198999881744385,0.4110000133514404,1.8939999341964722
4.817108698189259,2.084987842538896,2.0897162289307083,1892,4.185999870300293,0.4329999983310699,1.8764999359846115
4.834561990574002,3.1956526908332004,1.7724169464619577,1670,4.193999767303467,0.8529999852180481,1.6704998910427094
4.852015282958746,3.8797500037186814,0.10077630725449416,1912,4.1579999923706055,0.8640000224113464,1.6469999849796295
4.86946857534349,3.316276968901204,0.04814835500886642,1993,3.558000087738037,0.8799999952316284,1.3390000462532043
4.886921867728233,2.9390216172490664,0.03762117437490749,1989,3.2290000915527344,0.9039999842643738,1.1625000536441803
4.904375160112977,2.708670291615126,0.011625742361840873,1929,2.9609999656677246,0.925000011920929,1.0179999768733978
4.921828452497721,2.3551134540134644,0.0010037973772954731,1992,2.4749999046325684,2.275000095367432,0.09999990463256814
4.939281744882464,2.185709125538886,0.00048105128668546646,1994,2.2880001068115234,2.108999967575073,0.08950006961822532
4.956735037267208,2.041301404999395,0.00026545805662798967,1994,2.1059999465942383,1.98199999332428,0.06199997663497914
4.974188329651952,1.9191609809367562,0.00021873825756558342,1994,1.9759999513626096,1.86899995803833,0.05349999666213978
4.991641622036696,1.7808515546075558,0.0003239066621803217,1994,1.8589999675750728,1.7100000381469729,0.07449996471404996
5.009094914421439,1.6708084244426777,0.00024965027130693376,1994,1.7330000400543213,1.61899995803833,0.057000041007995605
5.026548206806183,1.5532572707058554,0.0002666919460483471,1994,1.6260000467300415,1.4889999628067017,0.06850004196166992
5.044001499190927,1.4612908744166344,0.0001703067241108591,1994,1.508999943733215,1.4179999828338623,0.0454999804496764
5.06145479157567,1.4022913738980576,0.00015619649123427295,1994,1.4459999799728394,1.3580000400543213,0.04399996995925903
5.078908083960414,1.3029709125354274,0.0009026966150899098,1994,1.3919999599456787,1.2000000476837158,0.09599995613098145
5.096361376345158,1.1900661976311129,0.00047645227070464933,1994,1.277999997138977,1.1349999904632568,0.07150000333786011
5.113814668729901,1.1298224677293447,0.00024881142592265114,1994,1.187000036239624,1.0850000381469729,0.05099999904632557
5.131267961114645,1.0840767314704276,0.00025668805622135936,1994,1.1419999599456787,1.0410000085830688,0.05049997568130493
5.148721253499389,1.0428440305988194,0.00023814673816162276,1994,1.1050000190734863,0.9649999737739564,0.07000002264976496
5.166174545884132,0.9888294886203564,0.0006389142514614948,1994,1.0540000200271606,0.9319999814033508,0.06100001931190491
5.183627838268876,0.9535531591747326,0.0003372558236929744,1994,1.027999997138977,0.9020000100135804,0.06299999356269831
5.20108113065362,0.9346594787170082,0.00018426780718825073,1994,0.9769999980926514,0.8659999966621399,0.05550000071525574
5.218534423038364,0.900273822046211,0.00017759182162275264,1994,0.9490000009536744,0.8379999995231628,0.05550000071525579
5.235987715423107,0.8709553661891666,0.0001973673096948284,1994,0.915000021457672,0.8090000152587891,0.05300000309944147
5.253441007807851,0.8402673016221018,0.0001880404064846017,1994,0.8920000195503235,0.7870000004768372,0.052500009536743164
5.2708943001925945,0.8082236711873693,0.0001926684443016431,1994,0.8539999723434448,0.7540000081062317,0.04999998211860657
5.288347592577338,0.7819518565892456,0.00021194349870819039,1994,0.8349999785423279,0.7239999771118164,0.05550000071525574
5.305800884962082,0.7560376127959494,0.00021502768734279015,1994,0.8019999861717224,0.699999988079071,0.050999999046325684
5.323254177346826,0.7310185563958875,0.000243920872396914,1994,0.7730000019073486,0.6650000214576721,0.05399999022483826
5.340707469731569,0.7101599792001718,0.0002073597496678908,1994,0.7580000162124634,0.6539999842643738,0.0520000159740448
5.358160762116313,0.6972031092631781,0.00011400938361988423,1994,0.7459999918937683,0.6470000147819519,0.0494999885559082
5.375614054501057,0.6922552652858803,5.998949099805014e-05,1994,0.7239999771118164,0.6470000147819519,0.03849998116493225
5.3930673468858,0.6915165485446169,3.071147236314755e-05,1994,0.718999981880188,0.6660000085830688,0.02649998664855957
5.410520639270544,0.6777417262195943,6.548016327579915e-05,1994,0.703000009059906,0.6570000052452087,0.023000001907348633
5.427973931655288,0.6581574714889259,6.793305633587462e-05,1994,0.6890000104904175,0.6399999856948853,0.024500012397766113
5.445427224040031,0.6423791370157492,3.633787374667778e-05,1994,0.6650000214576721,0.628000020980835,0.01850000023841858
5.462880516424775,0.6302652966713116,2.792809053133891e-05,1994,0.6489999890327454,0.6169999837875366,0.01600000262260437
5.480333808809519,0.6206735187810785,2.1218514272502746e-05,1994,0.6380000114440918,0.6100000143051147,0.013999998569488525
5.497787101194263,0.6124428284084545,1.560660568238707e-05,1994,0.6269999742507935,0.6019999980926514,0.012499988079071045
5.515240393579006,0.6067657993514177,1.2705304762309911e-05,1994,0.6190000176429749,0.5960000157356262,0.011500000953674316
5.53269368596375,0.5978485470191167,2.4501879165804496e-05,1994,0.6119999885559082,0.5849999785423279,0.013500005006790161
5.550146978348494,0.5877251735960349,2.8688118323455177e-05,1994,0.6050000190734863,0.574999988079071,0.015000015497207642
5.567600270733237,0.577540119947378,3.0145145986733207e-05,1994,0.5950000286102295,0.5649999976158142,0.015000015497207642
5.585053563117981,0.5676223667359042,2.797121855673166e-05,1994,0.5860000252723694,0.5559999942779541,0.015000015497207642
5.602506855502725,0.5579769327683578,2.6096820093734924e-05,1994,0.5759999752044678,0.5460000038146973,0.014999985694885254
5.619960147887468,0.5488089288668025,2.293537117490108e-05,1994,0.5659999847412109,0.5379999876022339,0.013999998569488525
5.637413440272212,0.5404493487407356,2.1322323434358814e-05,1994,0.5569999814033508,0.5289999842643738,0.013999998569488525
5.654866732656956,0.5323575702210965,2.1126990214844224e-05,1994,0.5479999780654907,0.5210000276565552,0.013499975204467773
5.672320025041699,0.5246900710143679,2.1704182073156842e-05,1994,0.5410000085830688,0.5130000114440918,0.013999998569488525
5.689773317426443,0.5173966894477396,2.121887235679001e-05,1994,0.5339999794960022,0.5070000290870667,0.013499975204467773
5.707226609811187,0.5106629904736966,2.0301813670390835e-05,1994,0.5270000100135803,0.5,0.013500005006790161
5.7246799021959305,0.5045436296234638,1.9513661424380324e-05,1994,0.5199999809265137,0.4939999878406524,0.01299999654293063
5.742133194580674,0.49880591865886775,2.0016003416925816e-05,1994,0.5139999985694885,0.4880000054836273,0.012999996542930603
5.759586486965418,0.4931273817448104,1.9580348122631063e-05,1994,0.5080000162124634,0.4830000102519989,0.012500002980232239
5.7770397793501616,0.48773470516489403,1.913630244646315e-05,1994,0.503000020980835,0.4769999980926513,0.013000011444091825
5.794493071734905,0.48255867628360105,1.894112468689563e-05,1994,0.4979999959468841,0.4720000028610229,0.012999996542930603
5.811946364119649,0.47752056041416696,1.863505652012777e-05,1994,0.4930000007152557,0.4679999947547912,0.012500002980232239
5.829399656504393,0.4726920743344899,1.774056173486441e-05,1994,0.4880000054836273,0.4639999866485595,0.012000009417533902
5.846852948889136,0.46841073161740243,1.5503568407582192e-05,1994,0.4830000102519989,0.4600000083446502,0.011500000953674344
5.86430624127388,0.4644974915379866,1.4280217002240293e-05,1994,0.4779999852180481,0.4560000002384186,0.010999992489814758
5.881759533658624,0.461105817717798,1.2441883244808074e-05,1994,0.4740000069141388,0.453000009059906,0.010499998927116394
5.899212826043367,0.4580947837774589,1.2019608304929006e-05,1994,0.4699999988079071,0.449999988079071,0.010000005364418058
5.916666118428111,0.4551730196747402,1.1891267203554291e-05,1994,0.4670000076293945,0.4469999969005584,0.01000000536441803
5.934119410812855,0.45257121447096377,1.1283685764146964e-05,1994,0.4650000035762787,0.4440000057220459,0.010499998927116394
5.951572703197599,0.4502993987400529,1.1528473105305773e-05,1994,0.4620000123977661,0.4410000145435333,0.010499998927116394
5.969025995582342,0.44807522707322656,1.2107728694238345e-05,1994,0.4600000083446502,0.4390000104904175,0.010499998927116366
5.986479287967086,0.44591925879837635,1.2807824144929877e-05,1994,0.4580000042915344,0.4370000064373016,0.010499998927116422
6.0039325803518295,0.4437377140180039,1.4338095678121293e-05,1994,0.4560000002384186,0.4339999854564667,0.011000007390975952
6.021385872736573,0.44166299025177835,1.5195951109969621e-05,1994,0.4550000131130218,0.4320000112056732,0.011500000953674289
6.038839165121317,0.43943079352498415,1.6717998924737774e-05,1994,0.453000009059906,0.4300000071525574,0.011500000953674316
6.056292457506061,0.4372256767965009,1.7015791429414695e-05,1994,0.4510000050067901,0.4280000030994415,0.011500000953674316
6.073745749890804,0.43504864424317624,1.7814499627972162e-05,1994,0.4490000009536743,0.4259999990463257,0.011500000953674316
6.091199042275548,0.433026577937328,1.7971702000977156e-05,1994,0.4480000138282776,0.4239999949932098,0.012000009417533902
6.108652334660292,0.4311544620913034,1.7663039064932238e-05,1994,0.4460000097751617,0.421999990940094,0.012000009417533847
6.126105627045035,0.42950401065820676,1.678598620523143e-05,1994,0.4449999928474426,0.4199999868869781,0.012500002980232267
6.143558919429779,0.4277417240374784,1.6829897209258874e-05,1994,0.4429999887943268,0.4180000126361847,0.012499988079071045
6.161012211814523,0.42601353974794315,1.6018375146760348e-05,1994,0.4410000145435333,0.4169999957084656,0.012000009417533875
6.178465504199266,0.4245762283219736,1.4757109437565785e-05,1994,0.4390000104904175,0.4160000085830688,0.011500000953674344
6.19591879658401,0.4232667995581297,1.3772233212746538e-05,1994,0.4379999935626983,0.4149999916553497,0.011500000953674316
6.213372088968754,0.42228986826559967,1.3420193307941142e-05,1994,0.4370000064373016,0.4149999916553497,0.011000007390975952
6.2308253813534975,0.4215496469703816,1.2414245465878633e-05,1994,0.4359999895095825,0.414000004529953,0.010999992489814758
6.248278673738241,0.42094232615759763,1.2842123977665892e-05,1994,0.4350000023841858,0.4129999876022339,0.011000007390975952
6.265731966122985,0.4207362077061606,1.1964489712048618e-05,1994,0.4350000023841858,0.414000004529953,0.010499998927116394
